MemberNo,CaseNo,Fxa,Fya,Fza,Mxa,Mya,Mza,Fxb,Fyb,Fzb,Mxb,Myb,Mzb,mp
102,1,-124.18,1.1883,0,0,0,1.0718,124.18,-1.1883,0,0,0,1.3047,10
103,1,-235.18,0.60255,0,0,0,-0.027644,235.18,-0.60255,0,0,0,1.2328,10
104,1,-333.24,0.62099,0,0,0,-0.17391,333.24,-0.62099,0,0,0,1.4159,10
105,1,-418.19,0.51292,0,0,0,-0.48374,418.19,-0.51292,0,0,0,1.5096,10
106,1,-490.09,0.43222,0,0,0,-0.72382,490.09,-0.43222,0,0,0,1.5883,10
107,1,-548.9,0.34423,0,0,0,-0.94465,548.9,-0.34423,0,0,0,1.6331,10
108,1,-594.66,0.25971,0,0,0,-1.1326,594.66,-0.25971,0,0,0,1.6521,10
109,1,-627.32,0.17227,0,0,0,-1.2944,627.32,-0.17227,0,0,0,1.6389,10
110,1,-646.94,0.087804,0,0,0,-1.4243,646.94,-0.087804,0,0,0,1.5999,10
111,1,-653.46,0.00027624,0,0,0,-1.5281,653.46,-0.00027624,0,0,0,1.5286,10
112,1,-646.94,-0.084205,0,0,0,-1.5998,646.94,0.084205,0,0,0,1.4314,10
113,1,-627.32,-0.17164,0,0,0,-1.6455,627.32,0.17164,0,0,0,1.3022,10
114,1,-594.65,-0.25618,0,0,0,-1.6592,594.65,0.25618,0,0,0,1.1468,10
115,1,-548.89,-0.34346,0,0,0,-1.6467,548.89,0.34346,0,0,0,0.95975,10
116,1,-490.08,-0.42895,0,0,0,-1.6027,490.08,0.42895,0,0,0,0.74486,10
117,1,-418.17,-0.51173,0,0,0,-1.5299,418.17,0.51173,0,0,0,0.50648,10
118,1,-333.22,-0.61865,0,0,0,-1.4381,333.22,0.61865,0,0,0,0.20084,10
119,1,-235.16,-0.59817,0,0,0,-1.2585,235.16,0.59817,0,0,0,0.062181,10
120,1,-124.15,-1.2002,0,0,0,-1.3411,124.15,1.2002,0,0,0,-1.0593,10
201,1,47.12,0.82147,0,0,0,0.63531,-47.12,-0.82147,0,0,0,1.0076,20
202,1,165.89,0.71182,0,0,0,0.23616,-165.89,-0.71182,0,0,0,1.1875,20
203,1,272.17,0.65454,0,0,0,-0.0387,-272.17,-0.65454,0,0,0,1.3478,20
204,1,365.26,0.55638,0,0,0,-0.34825,-365.26,-0.55638,0,0,0,1.461,20
205,1,445.29,0.475,0,0,0,-0.60382,-445.29,-0.475,0,0,0,1.5538,20
206,1,512.26,0.38676,0,0,0,-0.83958,-512.26,-0.38676,0,0,0,1.6131,20
207,1,566.14,0.30245,0,0,0,-1.0417,-566.14,-0.30245,0,0,0,1.6466,20
208,1,606.98,0.21489,0,0,0,-1.2183,-606.98,-0.21489,0,0,0,1.6481,20
209,1,634.71,0.13049,0,0,0,-1.3625,-634.71,-0.13049,0,0,0,1.6235,20
210,1,649.41,0.042929,0,0,0,-1.481,-649.41,-0.042929,0,0,0,1.5668,20
211,1,651,-0.041547,0,0,0,-1.5671,-651,0.041547,0,0,0,1.484,20
212,1,639.55,-0.12897,0,0,0,-1.6274,-639.55,0.12897,0,0,0,1.3694,20
213,1,615,-0.21353,0,0,0,-1.6556,-615,0.21353,0,0,0,1.2285,20
214,1,577.41,-0.30093,0,0,0,-1.6577,-577.41,0.30093,0,0,0,1.0558,20
215,1,526.71,-0.38542,0,0,0,-1.6278,-526.71,0.38542,0,0,0,0.85693,20
216,1,462.98,-0.47348,0,0,0,-1.572,-462.98,0.47348,0,0,0,0.62498,20
217,1,386.14,-0.55488,0,0,0,-1.4828,-386.14,0.55488,0,0,0,0.37301,20
218,1,296.28,-0.65378,0,0,0,-1.3734,-296.28,0.65378,0,0,0,0.065781,20
219,1,193.2,-0.70718,0,0,0,-1.215,-193.2,0.70718,0,0,0,-0.19936,20
220,1,77.671,-0.8333,0,0,0,-1.0455,-77.671,0.8333,0,0,0,-0.62112,20
401,1,-138.5,-0.52589,0,0,0,-0.63531,138.5,0.52589,0,0,0,-0.54062,40
402,1,137.16,-0.48469,0,0,0,-0.53117,-137.16,0.48469,0,0,0,-0.55262,40
403,1,-122.68,-0.58805,0,0,0,-0.69109,122.68,0.58805,0,0,0,-0.6238,40
404,1,123.29,-0.5307,0,0,0,-0.65329,-123.29,0.5307,0,0,0,-0.53338,40
405,1,-108.7,-0.49312,0,0,0,-0.61539,108.7,0.49312,0,0,0,-0.48728,40
406,1,108.67,-0.4465,0,0,0,-0.57156,-108.67,0.4465,0,0,0,-0.42685,40
407,1,-94.114,-0.43706,0,0,0,-0.57269,94.114,0.43706,0,0,0,-0.40457,40
408,1,94.19,-0.38786,0,0,0,-0.52759,-94.19,0.38786,0,0,0,-0.33969,40
409,1,-79.646,-0.37147,0,0,0,-0.51749,79.646,0.37147,0,0,0,-0.31315,40
410,1,79.738,-0.32422,0,0,0,-0.4726,-79.738,0.32422,0,0,0,-0.25237,40
411,1,-65.155,-0.30815,0,0,0,-0.46188,65.155,0.30815,0,0,0,-0.22715,40
412,1,65.201,-0.26163,0,0,0,-0.41646,-65.201,0.26163,0,0,0,-0.16856,40
413,1,-50.668,-0.2443,0,0,0,-0.40281,50.668,0.2443,0,0,0,-0.14347,40
414,1,50.772,-0.19872,0,0,0,-0.357,-50.772,0.19872,0,0,0,-0.087337,40
415,1,-36.18,-0.18058,0,0,0,-0.34104,36.18,0.18058,0,0,0,-0.062739,40
416,1,36.221,-0.136,0,0,0,-0.29492,-36.221,0.136,0,0,0,-0.0091898,40
417,1,-21.692,-0.11682,0,0,0,-0.27635,21.692,0.11682,0,0,0,0.015128,40
418,1,21.8,-0.073105,0,0,0,-0.22978,-21.8,0.073105,0,0,0,0.066312,40
419,1,-7.2046,-0.053077,0,0,0,-0.20884,7.2046,0.053077,0,0,0,0.090161,40
420,1,7.245,-0.01039,0,0,0,-0.16198,-7.245,0.01039,0,0,0,0.13875,40
421,1,7.283,0.010686,0,0,0,-0.13843,-7.283,-0.010686,0,0,0,0.16233,40
422,1,-7.1778,0.052507,0,0,0,-0.091116,7.1778,-0.052507,0,0,0,0.20852,40
423,1,21.77,0.074431,0,0,0,-0.0652,-21.77,-0.074431,0,0,0,0.23163,40
424,1,-21.724,0.11522,0,0,0,-0.017605,21.724,-0.11522,0,0,0,0.27525,40
425,1,36.258,0.13816,0,0,0,0.010887,-36.258,-0.13816,0,0,0,0.29806,40
426,1,-36.15,0.17812,0,0,0,0.058967,36.15,-0.17812,0,0,0,0.33931,40
427,1,50.746,0.20192,0,0,0,0.08984,-50.746,-0.20192,0,0,0,0.36166,40
428,1,-50.699,0.24082,0,0,0,0.13818,50.699,-0.24082,0,0,0,0.4003,40
429,1,65.234,0.26569,0,0,0,0.17168,-65.234,-0.26569,0,0,0,0.42243,40
430,1,-65.129,0.3038,0,0,0,0.22057,65.129,-0.3038,0,0,0,0.45875,40
431,1,79.719,0.3293,0,0,0,0.25627,-79.719,-0.3293,0,0,0,0.48005,40
432,1,-79.67,0.3661,0,0,0,0.30504,79.67,-0.3661,0,0,0,0.51357,40
433,1,94.217,0.39383,0,0,0,0.34423,-94.217,-0.39383,0,0,0,0.53641,40
434,1,-94.096,0.43088,0,0,0,0.39524,94.096,-0.43088,0,0,0,0.56822,40
435,1,108.66,0.45338,0,0,0,0.43212,-108.66,-0.45338,0,0,0,0.58165,40
436,1,-108.72,0.48557,0,0,0,0.47605,108.72,-0.48557,0,0,0,0.60971,40
437,1,123.32,0.539,0,0,0,0.53952,-123.32,-0.539,0,0,0,0.66575,40
438,1,-122.66,0.58136,0,0,0,0.61316,122.66,-0.58136,0,0,0,0.68679,40
439,1,137.13,0.49101,0,0,0,0.55804,-137.13,-0.49101,0,0,0,0.53986,40
440,1,-138.48,0.51008,0,0,0,0.51944,138.48,-0.51008,0,0,0,0.62112,40
102,2,-58.419,0.55902,0,0,0,0.50423,58.419,-0.55902,0,0,0,0.61382,10
103,2,-110.64,0.28347,0,0,0,-0.013005,110.64,-0.28347,0,0,0,0.57995,10
104,2,-156.77,0.29215,0,0,0,-0.081815,156.77,-0.29215,0,0,0,0.66611,10
105,2,-196.74,0.2413,0,0,0,-0.22758,196.74,-0.2413,0,0,0,0.71019,10
106,2,-230.56,0.20334,0,0,0,-0.34053,230.56,-0.20334,0,0,0,0.7472,10
107,2,-258.23,0.16194,0,0,0,-0.44442,258.23,-0.16194,0,0,0,0.7683,10
108,2,-279.76,0.12218,0,0,0,-0.53285,279.76,-0.12218,0,0,0,0.77722,10
109,2,-295.13,0.081047,0,0,0,-0.60896,295.13,-0.081047,0,0,0,0.77105,10
110,2,-304.36,0.041308,0,0,0,-0.67007,304.36,-0.041308,0,0,0,0.75268,10
111,2,-307.42,0.00012996,0,0,0,-0.7189,307.42,-0.00012996,0,0,0,0.71916,10
112,2,-304.35,-0.039615,0,0,0,-0.75266,304.35,0.039615,0,0,0,0.67343,10
113,2,-295.12,-0.08075,0,0,0,-0.77412,295.12,0.08075,0,0,0,0.61262,10
114,2,-279.76,-0.12052,0,0,0,-0.78058,279.76,0.12052,0,0,0,0.53953,10
115,2,-258.23,-0.16158,0,0,0,-0.77469,258.23,0.16158,0,0,0,0.45152,10
116,2,-230.56,-0.2018,0,0,0,-0.75402,230.56,0.2018,0,0,0,0.35042,10
117,2,-196.73,-0.24075,0,0,0,-0.71977,196.73,0.24075,0,0,0,0.23827,10
118,2,-156.76,-0.29104,0,0,0,-0.67658,156.76,0.29104,0,0,0,0.094485,10
119,2,-110.63,-0.28141,0,0,0,-0.59208,110.63,0.28141,0,0,0,0.029253,10
120,2,-58.409,-0.56464,0,0,0,-0.63092,58.409,0.56464,0,0,0,-0.49835,10
201,2,22.168,0.38646,0,0,0,0.29889,-22.168,-0.38646,0,0,0,0.47401,20
202,2,78.045,0.33488,0,0,0,0.1111,-78.045,-0.33488,0,0,0,0.55865,20
203,2,128.04,0.30793,0,0,0,-0.018207,-128.04,-0.30793,0,0,0,0.63407,20
204,2,171.84,0.26175,0,0,0,-0.16383,-171.84,-0.26175,0,0,0,0.68733,20
205,2,209.49,0.22347,0,0,0,-0.28407,-209.49,-0.22347,0,0,0,0.73101,20
206,2,241,0.18195,0,0,0,-0.39498,-241,-0.18195,0,0,0,0.75889,20
207,2,266.34,0.14229,0,0,0,-0.49009,-266.34,-0.14229,0,0,0,0.77467,20
208,2,285.56,0.1011,0,0,0,-0.57314,-285.56,-0.1011,0,0,0,0.77533,20
209,2,298.6,0.06139,0,0,0,-0.641,-298.6,-0.06139,0,0,0,0.76378,20
210,2,305.52,0.020196,0,0,0,-0.69673,-305.52,-0.020196,0,0,0,0.73712,20
211,2,306.26,-0.019546,0,0,0,-0.73727,-306.26,0.019546,0,0,0,0.69818,20
212,2,300.88,-0.060676,0,0,0,-0.7656,-300.88,0.060676,0,0,0,0.64426,20
213,2,289.33,-0.10046,0,0,0,-0.77887,-289.33,0.10046,0,0,0,0.57796,20
214,2,271.64,-0.14157,0,0,0,-0.77985,-271.64,0.14157,0,0,0,0.49671,20
215,2,247.8,-0.18132,0,0,0,-0.7658,-247.8,0.18132,0,0,0,0.40315,20
216,2,217.81,-0.22275,0,0,0,-0.73953,-217.81,0.22275,0,0,0,0.29403,20
217,2,181.66,-0.26105,0,0,0,-0.69758,-181.66,0.26105,0,0,0,0.17548,20
218,2,139.39,-0.30758,0,0,0,-0.6461,-139.39,0.30758,0,0,0,0.030947,20
219,2,90.893,-0.3327,0,0,0,-0.57161,-90.893,0.3327,0,0,0,-0.09379,20
220,2,36.541,-0.39203,0,0,0,-0.49185,-36.541,0.39203,0,0,0,-0.29221,20
401,2,-65.158,-0.24741,0,0,0,-0.29889,65.158,0.24741,0,0,0,-0.25433,40
402,2,64.526,-0.22802,0,0,0,-0.24989,-64.526,0.22802,0,0,0,-0.25998,40
403,2,-57.714,-0.27665,0,0,0,-0.32513,57.714,0.27665,0,0,0,-0.29347,40
404,2,58.004,-0.24967,0,0,0,-0.30734,-58.004,0.24967,0,0,0,-0.25093,40
405,2,-51.14,-0.23199,0,0,0,-0.28951,51.14,0.23199,0,0,0,-0.22924,40
406,2,51.127,-0.21006,0,0,0,-0.26889,-51.127,0.21006,0,0,0,-0.20081,40
407,2,-44.277,-0.20561,0,0,0,-0.26943,44.277,0.20561,0,0,0,-0.19033,40
408,2,44.312,-0.18247,0,0,0,-0.24821,-44.312,0.18247,0,0,0,-0.15981,40
409,2,-37.47,-0.17476,0,0,0,-0.24345,37.47,0.17476,0,0,0,-0.14732,40
410,2,37.513,-0.15253,0,0,0,-0.22234,-37.513,0.15253,0,0,0,-0.11873,40
411,2,-30.652,-0.14497,0,0,0,-0.21729,30.652,0.14497,0,0,0,-0.10686,40
412,2,30.674,-0.12308,0,0,0,-0.19592,-30.674,0.12308,0,0,0,-0.079299,40
413,2,-23.837,-0.11493,0,0,0,-0.1895,23.837,0.11493,0,0,0,-0.067496,40
414,2,23.886,-0.093487,0,0,0,-0.16795,-23.886,0.093487,0,0,0,-0.041088,40
415,2,-17.021,-0.084954,0,0,0,-0.16044,17.021,0.084954,0,0,0,-0.029516,40
416,2,17.041,-0.063983,0,0,0,-0.13875,-17.041,0.063983,0,0,0,-0.0043234,40
417,2,-10.205,-0.054958,0,0,0,-0.13001,10.205,0.054958,0,0,0,0.0071173,40
418,2,10.256,-0.034392,0,0,0,-0.1081,-10.256,0.034392,0,0,0,0.031197,40
419,2,-3.3895,-0.024971,0,0,0,-0.098251,3.3895,0.024971,0,0,0,0.042417,40
420,2,3.4085,-0.0048881,0,0,0,-0.076205,-3.4085,0.0048881,0,0,0,0.065275,40
421,2,3.4263,0.0050275,0,0,0,-0.065125,-3.4263,-0.0050275,0,0,0,0.076367,40
422,2,-3.3768,0.024702,0,0,0,-0.042866,3.3768,-0.024702,0,0,0,0.098101,40
423,2,10.242,0.035017,0,0,0,-0.030673,-10.242,-0.035017,0,0,0,0.10897,40
424,2,-10.22,0.054207,0,0,0,-0.0082825,10.22,-0.054207,0,0,0,0.12949,40
425,2,17.058,0.064999,0,0,0,0.0051218,-17.058,-0.064999,0,0,0,0.14022,40
426,2,-17.007,0.083796,0,0,0,0.027741,17.007,-0.083796,0,0,0,0.15963,40
427,2,23.874,0.094996,0,0,0,0.042266,-23.874,-0.094996,0,0,0,0.17015,40
428,2,-23.852,0.11329,0,0,0,0.065007,23.852,-0.11329,0,0,0,0.18833,40
429,2,30.69,0.12499,0,0,0,0.080766,-30.69,-0.12499,0,0,0,0.19873,40
430,2,-30.64,0.14293,0,0,0,0.10377,30.64,-0.14293,0,0,0,0.21582,40
431,2,37.504,0.15492,0,0,0,0.12056,-37.504,-0.15492,0,0,0,0.22584,40
432,2,-37.481,0.17223,0,0,0,0.14351,37.481,-0.17223,0,0,0,0.24161,40
433,2,44.325,0.18528,0,0,0,0.16194,-44.325,-0.18528,0,0,0,0.25236,40
434,2,-44.268,0.20271,0,0,0,0.18594,44.268,-0.20271,0,0,0,0.26732,40
435,2,51.121,0.2133,0,0,0,0.20329,-51.121,-0.2133,0,0,0,0.27364,40
436,2,-51.147,0.22844,0,0,0,0.22396,51.147,-0.22844,0,0,0,0.28684,40
437,2,58.016,0.25358,0,0,0,0.25382,-58.016,-0.25358,0,0,0,0.3132,40
438,2,-57.705,0.2735,0,0,0,0.28846,57.705,-0.2735,0,0,0,0.3231,40
439,2,64.512,0.231,0,0,0,0.26253,-64.512,-0.231,0,0,0,0.25398,40
440,2,-65.149,0.23997,0,0,0,0.24437,65.149,-0.23997,0,0,0,0.29221,40
102,3,235.25,-2.2791,0,0,0,-2.0092,-235.25,2.2791,0,0,0,-2.549,10
103,3,446.65,-1.145,0,0,0,0.11382,-446.65,1.145,0,0,0,-2.4037,10
104,3,634.55,-1.193,0,0,0,0.3759,-634.55,1.193,0,0,0,-2.7619,10
105,3,798.67,-0.99388,0,0,0,0.96158,-798.67,0.99388,0,0,0,-2.9494,10
106,3,939.12,-0.8481,0,0,0,1.4152,-939.12,0.8481,0,0,0,-3.1114,10
107,3,1055.8,-0.6882,0,0,0,1.8351,-1055.8,0.6882,0,0,0,-3.2115,10
108,3,1148.8,-0.53493,0,0,0,2.195,-1148.8,0.53493,0,0,0,-3.2649,10
109,3,1218,-0.37644,0,0,0,2.5075,-1218,0.37644,0,0,0,-3.2604,10
110,3,1263.6,-0.22123,0,0,0,2.7629,-1263.6,0.22123,0,0,0,-3.2054,10
111,3,1285.4,-0.073863,0,0,0,2.9648,-1285.4,0.073863,0,0,0,-3.1125,10
112,3,1283.5,0.093773,0,0,0,3.1436,-1283.5,-0.093773,0,0,0,-2.9561,10
113,3,1253.4,0.29349,0,0,0,3.2826,-1253.4,-0.29349,0,0,0,-2.6956,10
114,3,1195.2,0.47364,0,0,0,3.3324,-1195.2,-0.47364,0,0,0,-2.3851,10
115,3,1108.9,0.66174,0,0,0,3.329,-1108.9,-0.66174,0,0,0,-2.0055,10
116,3,994.39,0.84585,0,0,0,3.2576,-994.39,-0.84585,0,0,0,-1.5659,10
117,3,851.74,1.0243,0,0,0,3.1241,-851.74,-1.0243,0,0,0,-1.0754,10
118,3,680.98,1.2528,0,0,0,2.9489,-680.98,-1.2528,0,0,0,-0.44319,10
119,3,482.01,1.2176,0,0,0,2.5894,-482.01,-1.2176,0,0,0,-0.15429,10
120,3,255.15,2.4714,0,0,0,2.7705,-255.15,-2.4714,0,0,0,2.1723,10
201,3,-153.02,-1.5782,0,0,0,-1.1745,153.02,1.5782,0,0,0,-1.9819,20
202,3,-375.53,-1.3484,0,0,0,-0.38179,375.53,1.3484,0,0,0,-2.3151,20
203,3,-575.46,-1.2543,0,0,0,0.12074,575.46,1.2543,0,0,0,-2.6294,20
204,3,-751.44,-1.0732,0,0,0,0.70591,751.44,1.0732,0,0,0,-2.8522,20
205,3,-903.72,-0.92647,0,0,0,1.1872,903.72,0.92647,0,0,0,-3.0402,20
206,3,-1032.3,-0.76587,0,0,0,1.6345,1032.3,0.76587,0,0,0,-3.1663,20
207,3,-1137.1,-0.61327,0,0,0,2.0199,1137.1,0.61327,0,0,0,-3.2464,20
208,3,-1218.3,-0.45371,0,0,0,2.3596,1218.3,0.45371,0,0,0,-3.2671,20
209,3,-1275.7,-0.30242,0,0,0,2.6392,1275.7,0.30242,0,0,0,-3.2441,20
210,3,-1309.4,-0.13634,0,0,0,2.8766,1309.4,0.13634,0,0,0,-3.1493,20
211,3,-1319.3,-0.013513,0,0,0,3.0379,1319.3,0.013513,0,0,0,-3.0649,20
212,3,-1303.3,0.20472,0,0,0,3.2372,1303.3,-0.20472,0,0,0,-2.8278,20
213,3,-1259.2,0.3801,0,0,0,3.3108,1259.2,-0.3801,0,0,0,-2.5506,20
214,3,-1186.9,0.5697,0,0,0,3.3407,1186.9,-0.5697,0,0,0,-2.2013,20
215,3,-1086.5,0.75141,0,0,0,3.2991,1086.5,-0.75141,0,0,0,-1.7963,20
216,3,-957.95,0.94095,0,0,0,3.2021,957.95,-0.94095,0,0,0,-1.3202,20
217,3,-801.21,1.1165,0,0,0,3.0335,801.21,-1.1165,0,0,0,-0.80042,20
218,3,-616.43,1.3287,0,0,0,2.8207,616.43,-1.3287,0,0,0,-0.16325,20
219,3,-403.19,1.445,0,0,0,2.5034,403.19,-1.445,0,0,0,0.38654,20
220,3,-163.09,1.7199,0,0,0,2.1643,163.09,-1.7199,0,0,0,1.2756,20
401,3,262.41,0.96431,0,0,0,1.1745,-262.41,-0.96431,0,0,0,0.9818,40
402,3,-259.86,0.93408,0,0,0,1.0274,259.86,-0.93408,0,0,0,1.0612,40
403,3,233.6,1.1024,0,0,0,1.3024,-233.6,-1.1024,0,0,0,1.1624,40
404,3,-234.81,1.0309,0,0,0,1.2728,234.81,-1.0309,0,0,0,1.0324,40
405,3,208.31,0.92525,0,0,0,1.162,-208.31,-0.92525,0,0,0,0.90699,40
406,3,-208.26,0.87455,0,0,0,1.1209,208.26,-0.87455,0,0,0,0.83469,40
407,3,181.82,0.82569,0,0,0,1.0888,-181.82,-0.82569,0,0,0,0.75749,40
408,3,-181.97,0.76779,0,0,0,1.0428,181.97,-0.76779,0,0,0,0.67397,40
409,3,155.57,0.70721,0,0,0,0.99104,-155.57,-0.70721,0,0,0,0.59035,40
410,3,-155.75,0.65134,0,0,0,0.94379,155.75,-0.65134,0,0,0,0.51264,40
411,3,129.27,0.59324,0,0,0,0.89303,-129.27,-0.59324,0,0,0,0.43345,40
412,3,-129.36,0.53693,0,0,0,0.84285,129.36,-0.53693,0,0,0,0.35775,40
413,3,102.98,0.47819,0,0,0,0.78862,-102.98,-0.47819,0,0,0,0.28067,40
414,3,-103.19,0.42187,0,0,0,0.73583,103.19,-0.42187,0,0,0,0.2075,40
415,3,76.687,0.36341,0,0,0,0.67932,-76.687,-0.36341,0,0,0,0.13326,40
416,3,-76.77,0.30732,0,0,0,0.62416,76.77,-0.30732,0,0,0,0.063015,40
417,3,50.396,0.24855,0,0,0,0.5648,-50.396,-0.24855,0,0,0,-0.0090178,40
418,3,-50.61,0.19186,0,0,0,0.50644,50.61,-0.19186,0,0,0,-0.077436,40
419,3,24.112,0.13385,0,0,0,0.44492,-24.112,-0.13385,0,0,0,-0.14564,40
420,3,-24.179,0.079292,0,0,0,0.38625,24.179,-0.079292,0,0,0,-0.20895,40
421,3,-2.2241,0.017906,0,0,0,0.32035,2.2241,-0.017906,0,0,0,-0.28031,40
422,3,2.0057,-0.045548,0,0,0,0.24918,-2.0057,0.045548,0,0,0,-0.35103,40
423,3,-33.397,-0.1085,0,0,0,0.17872,33.397,0.1085,0,0,0,-0.42132,40
424,3,33.272,-0.18054,0,0,0,0.094829,-33.272,0.18054,0,0,0,-0.49853,40
425,3,-64.587,-0.2468,0,0,0,0.015559,64.587,0.2468,0,0,0,-0.56744,40
426,3,64.353,-0.31709,0,0,0,-0.069338,-64.353,0.31709,0,0,0,-0.6397,40
427,3,-95.782,-0.38263,0,0,0,-0.15043,95.782,0.38263,0,0,0,-0.70514,40
428,3,95.671,-0.45313,0,0,0,-0.2387,-95.671,0.45313,0,0,0,-0.77452,40
429,3,-126.98,-0.51901,0,0,0,-0.32335,126.98,0.51901,0,0,0,-0.83721,40
430,3,126.75,-0.58974,0,0,0,-0.41495,-126.75,0.58974,0,0,0,-0.90374,40
431,3,-158.17,-0.65496,0,0,0,-0.50206,158.17,0.65496,0,0,0,-0.96243,40
432,3,158.05,-0.72493,0,0,0,-0.59573,-158.05,0.72493,0,0,0,-1.0252,40
433,3,-189.38,-0.79282,0,0,0,-0.688,189.38,0.79282,0,0,0,-1.0848,40
434,3,189.12,-0.86528,0,0,0,-0.78862,-189.12,0.86528,0,0,0,-1.1462,40
435,3,-220.49,-0.9204,0,0,0,-0.87406,220.49,0.9204,0,0,0,-1.184,40
436,3,220.59,-0.98466,0,0,0,-0.96225,-220.59,0.98466,0,0,0,-1.2395,40
437,3,-252.03,-1.1019,0,0,0,-1.1006,252.03,1.1019,0,0,0,-1.3633,40
438,3,250.66,-1.1895,0,0,0,-1.253,-250.66,1.1895,0,0,0,-1.4069,40
439,3,-281.82,-1.007,0,0,0,-1.144,281.82,1.007,0,0,0,-1.1078,40
440,3,284.6,-1.0465,0,0,0,-1.0645,-284.6,1.0465,0,0,0,-1.2756,40
102,4,-154.86,1.5002,0,0,0,1.3223,154.86,-1.5002,0,0,0,1.6782,10
103,4,-293.86,0.75198,0,0,0,-0.076879,293.86,-0.75198,0,0,0,1.5809,10
104,4,-417.22,0.78263,0,0,0,-0.24958,417.22,-0.78263,0,0,0,1.8149,10
105,4,-524.77,0.65044,0,0,0,-0.63515,524.77,-0.65044,0,0,0,1.936,10
106,4,-616.55,0.55338,0,0,0,-0.93337,616.55,-0.55338,0,0,0,2.0401,10
107,4,-692.53,0.44703,0,0,0,-1.209,692.53,-0.44703,0,0,0,2.1031,10
108,4,-752.76,0.34504,0,0,0,-1.4448,752.76,-0.34504,0,0,0,2.1349,10
109,4,-797.17,0.23957,0,0,0,-1.649,797.17,-0.23957,0,0,0,2.1282,10
110,4,-825.84,0.13663,0,0,0,-1.8152,825.84,-0.13663,0,0,0,2.0884,10
111,4,-838.69,0.036685,0,0,0,-1.9467,838.69,-0.036685,0,0,0,2.0201,10
112,4,-835.77,-0.072467,0,0,0,-2.0571,835.77,0.072467,0,0,0,1.9122,10
113,4,-814.85,-0.19855,0,0,0,-2.1397,814.85,0.19855,0,0,0,1.7426,10
114,4,-775.97,-0.31398,0,0,0,-2.1682,775.97,0.31398,0,0,0,1.5402,10
115,4,-719.05,-0.43421,0,0,0,-2.1622,719.05,0.43421,0,0,0,1.2938,10
116,4,-644.18,-0.5519,0,0,0,-2.1128,644.18,0.5519,0,0,0,1.009,10
117,4,-551.29,-0.66597,0,0,0,-2.0237,551.29,0.66597,0,0,0,0.69171,10
118,4,-440.43,-0.8123,0,0,0,-1.908,440.43,0.8123,0,0,0,0.28338,10
119,4,-311.54,-0.78845,0,0,0,-1.6738,311.54,0.78845,0,0,0,0.096897,10
120,4,-164.81,-1.5962,0,0,0,-1.7887,164.81,1.5962,0,0,0,-1.4038,10
201,4,100.36,1.0395,0,0,0,0.77336,-100.36,-1.0395,0,0,0,1.3055,20
202,4,246.75,0.88645,0,0,0,0.24963,-246.75,-0.88645,0,0,0,1.5233,20
203,4,378.1,0.82354,0,0,0,-0.081468,-378.1,-0.82354,0,0,0,1.7286,20
204,4,493.53,0.70317,0,0,0,-0.4669,-493.53,-0.70317,0,0,0,1.8732,20
205,4,593.19,0.60552,0,0,0,-0.78353,-593.19,-0.60552,0,0,0,1.9946,20
206,4,677.08,0.49871,0,0,0,-1.0774,-677.08,-0.49871,0,0,0,2.0748,20
207,4,745.16,0.39714,0,0,0,-1.3302,-745.16,-0.39714,0,0,0,2.1245,20
208,4,797.5,0.29108,0,0,0,-1.5525,-797.5,-0.29108,0,0,0,2.1346,20
209,4,834.02,0.19013,0,0,0,-1.735,-834.02,-0.19013,0,0,0,2.1152,20
210,4,854.79,0.080813,0,0,0,-1.8886,-854.79,-0.080813,0,0,0,2.0503,20
211,4,859.74,-0.0059297,0,0,0,-1.9946,-859.74,0.0059297,0,0,0,1.9827,20
212,4,847.84,-0.14127,0,0,0,-2.1118,-847.84,0.14127,0,0,0,1.8292,20
213,4,817.91,-0.25431,0,0,0,-2.1565,-817.91,0.25431,0,0,0,1.6478,20
214,4,770.03,-0.37533,0,0,0,-2.1715,-770.03,0.37533,0,0,0,1.4208,20
215,4,704.12,-0.49152,0,0,0,-2.1412,-704.12,0.49152,0,0,0,1.1582,20
216,4,620.25,-0.61271,0,0,0,-2.0754,-620.25,0.61271,0,0,0,0.85002,20
217,4,518.36,-0.7249,0,0,0,-1.9638,-518.36,0.7249,0,0,0,0.51402,20
218,4,398.53,-0.86068,0,0,0,-1.8241,-398.53,0.86068,0,0,0,0.10273,20
219,4,260.51,-0.93477,0,0,0,-1.6174,-260.51,0.93477,0,0,0,-0.25217,20
220,4,105.33,-1.1102,0,0,0,-1.3965,-105.33,1.1102,0,0,0,-0.8239,20
401,4,-172.74,-0.63494,0,0,0,-0.77336,172.74,0.63494,0,0,0,-0.64642,40
402,4,171.06,-0.61444,0,0,0,-0.67585,-171.06,0.61444,0,0,0,-0.69808,40
403,4,-153.59,-0.7253,0,0,0,-0.85703,153.59,0.7253,0,0,0,-0.76475,40
404,4,154.39,-0.67747,0,0,0,-0.8366,-154.39,0.67747,0,0,0,-0.67826,40
405,4,-136.76,-0.60785,0,0,0,-0.76354,136.76,0.60785,0,0,0,-0.59568,40
406,4,136.73,-0.57372,0,0,0,-0.73559,-136.73,0.57372,0,0,0,-0.54728,40
407,4,-119.14,-0.54153,0,0,0,-0.71439,119.14,0.54153,0,0,0,-0.49647,40
408,4,119.24,-0.50264,0,0,0,-0.68324,-119.24,0.50264,0,0,0,-0.44068,40
409,4,-101.67,-0.46272,0,0,0,-0.64904,101.67,0.46272,0,0,0,-0.38566,40
410,4,101.8,-0.42517,0,0,0,-0.617,-101.8,0.42517,0,0,0,-0.33371,40
411,4,-84.176,-0.38689,0,0,0,-0.58347,84.176,0.38689,0,0,0,-0.28163,40
412,4,84.239,-0.34905,0,0,0,-0.54947,-84.239,0.34905,0,0,0,-0.23102,40
413,4,-66.687,-0.31036,0,0,0,-0.51364,66.687,0.31036,0,0,0,-0.18035,40
414,4,66.823,-0.27251,0,0,0,-0.47791,-66.823,0.27251,0,0,0,-0.13143,40
415,4,-49.194,-0.234,0,0,0,-0.44057,49.194,0.234,0,0,0,-0.082647,40
416,4,49.25,-0.19627,0,0,0,-0.40324,-49.25,0.19627,0,0,0,-0.035636,40
417,4,-31.703,-0.15758,0,0,0,-0.36401,31.703,0.15758,0,0,0,0.011638,40
418,4,31.845,-0.11953,0,0,0,-0.32463,-31.845,0.11953,0,0,0,0.057344,40
419,4,-14.216,-0.081257,0,0,0,-0.28393,14.216,0.081257,0,0,0,0.10224,40
420,4,14.263,-0.044295,0,0,0,-0.24398,-14.263,0.044295,0,0,0,0.14493,40
421,4,3.2982,-0.0043024,0,0,0,-0.20063,-3.2982,0.0043024,0,0,0,0.19101,40
422,4,-3.1561,0.037134,0,0,0,-0.15398,3.1561,-0.037134,0,0,0,0.23701,40
423,4,23.23,0.077878,0,0,0,-0.10796,-23.23,-0.077878,0,0,0,0.28209,40
424,4,-23.152,0.12358,0,0,0,-0.054543,23.152,-0.12358,0,0,0,0.33088,40
425,4,43.17,0.166,0,0,0,-0.0036618,-43.17,-0.166,0,0,0,0.37486,40
426,4,-43.019,0.21086,0,0,0,0.050718,43.019,-0.21086,0,0,0,0.42078,40
427,4,63.113,0.2529,0,0,0,0.1029,-63.113,-0.2529,0,0,0,0.46258,40
428,4,-63.042,0.29783,0,0,0,0.15937,63.042,-0.29783,0,0,0,0.50659,40
429,4,83.055,0.34007,0,0,0,0.2138,-83.055,-0.34007,0,0,0,0.54662,40
430,4,-82.909,0.38517,0,0,0,0.27242,82.909,-0.38517,0,0,0,0.58884,40
431,4,102.99,0.42698,0,0,0,0.32843,-102.99,-0.42698,0,0,0,0.62631,40
432,4,-102.92,0.47158,0,0,0,0.38835,102.92,-0.47158,0,0,0,0.66614,40
433,4,122.95,0.51512,0,0,0,0.44767,-122.95,-0.51512,0,0,0,0.7042,40
434,4,-122.78,0.56133,0,0,0,0.51206,122.78,-0.56133,0,0,0,0.74311,40
435,4,142.84,0.59663,0,0,0,0.56696,-142.84,-0.59663,0,0,0,0.76712,40
436,4,-142.91,0.63756,0,0,0,0.62332,142.91,-0.63756,0,0,0,0.80231,40
437,4,163,0.71291,0,0,0,0.71235,-163,-0.71291,0,0,0,0.88179,40
438,4,-162.12,0.76889,0,0,0,0.81004,162.12,-0.76889,0,0,0,0.90924,40
439,4,182.04,0.6509,0,0,0,0.73943,-182.04,-0.6509,0,0,0,0.71598,40
440,4,-183.84,0.67605,0,0,0,0.68778,183.84,-0.67605,0,0,0,0.8239,40
102,5,-236.64,2.2644,0,0,0,2.0425,236.64,-2.2644,0,0,0,2.4864,10
103,5,-448.18,1.1483,0,0,0,-0.05268,448.18,-1.1483,0,0,0,2.3492,10
104,5,-635.04,1.1834,0,0,0,-0.33141,635.04,-1.1834,0,0,0,2.6982,10
105,5,-796.93,0.97746,0,0,0,-0.92185,796.93,-0.97746,0,0,0,2.8768,10
106,5,-933.95,0.82367,0,0,0,-1.3794,933.95,-0.82367,0,0,0,3.0267,10
107,5,-1046,0.65599,0,0,0,-1.8002,1046,-0.65599,0,0,0,3.1122,10
108,5,-1133.2,0.49493,0,0,0,-2.1584,1133.2,-0.49493,0,0,0,3.1483,10
109,5,-1195.5,0.3283,0,0,0,-2.4667,1195.5,-0.3283,0,0,0,3.1233,10
110,5,-1232.9,0.16733,0,0,0,-2.7143,1232.9,-0.16733,0,0,0,3.0489,10
111,5,-1245.3,0.00052642,0,0,0,-2.912,1245.3,-0.00052642,0,0,0,2.9131,10
112,5,-1232.9,-0.16047,0,0,0,-3.0488,1232.9,0.16047,0,0,0,2.7279,10
113,5,-1195.5,-0.3271,0,0,0,-3.1357,1195.5,0.3271,0,0,0,2.4815,10
114,5,-1133.2,-0.4882,0,0,0,-3.1619,1133.2,0.4882,0,0,0,2.1855,10
115,5,-1046,-0.65453,0,0,0,-3.138,1046,0.65453,0,0,0,1.829,10
116,5,-933.93,-0.81743,0,0,0,-3.0543,933.93,0.81743,0,0,0,1.4195,10
117,5,-796.9,-0.9752,0,0,0,-2.9156,796.9,0.9752,0,0,0,0.96518,10
118,5,-635.01,-1.1789,0,0,0,-2.7406,635.01,1.1789,0,0,0,0.38273,10
119,5,-448.14,-1.1399,0,0,0,-2.3984,448.14,1.1399,0,0,0,0.1185,10
120,5,-236.6,-2.2872,0,0,0,-2.5557,236.6,2.2872,0,0,0,-2.0187,10
201,5,89.797,1.5655,0,0,0,1.2107,-89.797,-1.5655,0,0,0,1.9201,20
202,5,316.14,1.3565,0,0,0,0.45004,-316.14,-1.3565,0,0,0,2.263,20
203,5,518.67,1.2473,0,0,0,-0.07375,-518.67,-1.2473,0,0,0,2.5685,20
204,5,696.07,1.0603,0,0,0,-0.66365,-696.07,-1.0603,0,0,0,2.7842,20
205,5,848.58,0.9052,0,0,0,-1.1507,-848.58,-0.9052,0,0,0,2.9611,20
206,5,976.21,0.73704,0,0,0,-1.6,-976.21,-0.73704,0,0,0,3.0741,20
207,5,1078.9,0.57637,0,0,0,-1.9852,-1078.9,-0.57637,0,0,0,3.138,20
208,5,1156.7,0.40951,0,0,0,-2.3216,-1156.7,-0.40951,0,0,0,3.1407,20
209,5,1209.6,0.24867,0,0,0,-2.5965,-1209.6,-0.24867,0,0,0,3.0939,20
210,5,1237.6,0.081808,0,0,0,-2.8222,-1237.6,-0.081808,0,0,0,2.9859,20
211,5,1240.6,-0.079175,0,0,0,-2.9865,-1240.6,0.079175,0,0,0,2.8281,20
212,5,1218.8,-0.24578,0,0,0,-3.1013,-1218.8,0.24578,0,0,0,2.6097,20
213,5,1172,-0.40693,0,0,0,-3.155,-1172,0.40693,0,0,0,2.3411,20
214,5,1100.4,-0.57347,0,0,0,-3.159,-1100.4,0.57347,0,0,0,2.012,20
215,5,1003.7,-0.73449,0,0,0,-3.102,-1003.7,0.73449,0,0,0,1.633,20
216,5,882.29,-0.90231,0,0,0,-2.9956,-882.29,0.90231,0,0,0,1.191,20
217,5,735.86,-1.0574,0,0,0,-2.8257,-735.86,1.0574,0,0,0,0.71083,20
218,5,564.62,-1.2459,0,0,0,-2.6172,-564.62,1.2459,0,0,0,0.12536,20
219,5,368.18,-1.3477,0,0,0,-2.3154,-368.18,1.3477,0,0,0,-0.37992,20
220,5,148.02,-1.588,0,0,0,-1.9923,-148.02,1.588,0,0,0,-1.1837,20
401,5,-263.94,-1.0022,0,0,0,-1.2107,263.94,1.0022,0,0,0,-1.0302,40
402,5,261.38,-0.92366,0,0,0,-1.0122,-261.38,0.92366,0,0,0,-1.0531,40
403,5,-233.78,-1.1206,0,0,0,-1.317,233.78,1.1206,0,0,0,-1.1888,40
404,5,234.96,-1.0113,0,0,0,-1.245,-234.96,1.0113,0,0,0,-1.0165,40
405,5,-207.15,-0.93974,0,0,0,-1.1727,207.15,0.93974,0,0,0,-0.92861,40
406,5,207.1,-0.8509,0,0,0,-1.0892,-207.1,0.8509,0,0,0,-0.81344,40
407,5,-179.35,-0.83289,0,0,0,-1.0914,179.35,0.83289,0,0,0,-0.77098,40
408,5,179.5,-0.73914,0,0,0,-1.0054,-179.5,0.73914,0,0,0,-0.64735,40
409,5,-151.78,-0.7079,0,0,0,-0.98617,151.78,0.7079,0,0,0,-0.59677,40
410,5,151.96,-0.61786,0,0,0,-0.90063,-151.96,0.61786,0,0,0,-0.48094,40
411,5,-124.16,-0.58724,0,0,0,-0.8802,124.16,0.58724,0,0,0,-0.43288,40
412,5,124.25,-0.49858,0,0,0,-0.79364,-124.25,0.49858,0,0,0,-0.32122,40
413,5,-96.557,-0.46556,0,0,0,-0.76762,96.557,0.46556,0,0,0,-0.27341,40
414,5,96.755,-0.37869,0,0,0,-0.68034,-96.755,0.37869,0,0,0,-0.16644,40
415,5,-68.947,-0.34413,0,0,0,-0.64991,68.947,0.34413,0,0,0,-0.11956,40
416,5,69.027,-0.25918,0,0,0,-0.56202,-69.027,0.25918,0,0,0,-0.017513,40
417,5,-41.339,-0.22262,0,0,0,-0.52663,41.339,0.22262,0,0,0,0.02883,40
418,5,41.545,-0.13931,0,0,0,-0.43789,-41.545,0.13931,0,0,0,0.12637,40
419,5,-13.73,-0.10115,0,0,0,-0.39799,13.73,0.10115,0,0,0,0.17182,40
420,5,13.807,-0.0198,0,0,0,-0.30869,-13.807,0.0198,0,0,0,0.26441,40
421,5,13.879,0.020365,0,0,0,-0.2638,-13.879,-0.020365,0,0,0,0.30934,40
422,5,-13.679,0.10006,0,0,0,-0.17364,13.679,-0.10006,0,0,0,0.39738,40
423,5,41.487,0.14184,0,0,0,-0.12425,-41.487,-0.14184,0,0,0,0.44141,40
424,5,-41.399,0.21958,0,0,0,-0.03355,41.399,-0.21958,0,0,0,0.52454,40
425,5,69.097,0.26329,0,0,0,0.020747,-69.097,-0.26329,0,0,0,0.568,40
426,5,-68.891,0.33943,0,0,0,0.11237,68.891,-0.33943,0,0,0,0.64662,40
427,5,96.705,0.3848,0,0,0,0.17121,-96.705,-0.3848,0,0,0,0.68921,40
428,5,-96.616,0.45892,0,0,0,0.26333,96.616,-0.45892,0,0,0,0.76285,40
429,5,124.32,0.50632,0,0,0,0.32716,-124.32,-0.50632,0,0,0,0.80501,40
430,5,-124.12,0.57895,0,0,0,0.42034,124.12,-0.57895,0,0,0,0.87423,40
431,5,151.92,0.62754,0,0,0,0.48837,-151.92,-0.62754,0,0,0,0.91482,40
432,5,-151.83,0.69766,0,0,0,0.58131,151.83,-0.69766,0,0,0,0.9787,40
433,5,179.55,0.75051,0,0,0,0.65599,-179.55,-0.75051,0,0,0,1.0222,40
434,5,-179.32,0.82111,0,0,0,0.7532,179.32,-0.82111,0,0,0,1.0829,40
435,5,207.08,0.86401,0,0,0,0.82349,-207.08,-0.86401,0,0,0,1.1084,40
436,5,-207.18,0.92533,0,0,0,0.90719,207.18,-0.92533,0,0,0,1.1619,40
437,5,235.01,1.0272,0,0,0,1.0282,-235.01,-1.0272,0,0,0,1.2687,40
438,5,-233.75,1.1079,0,0,0,1.1685,233.75,-1.1079,0,0,0,1.3088,40
439,5,261.32,0.93571,0,0,0,1.0635,-261.32,-0.93571,0,0,0,1.0288,40
440,5,-263.9,0.97204,0,0,0,0.98988,263.9,-0.97204,0,0,0,1.1837,40
102,6,123.49,-1.2097,0,0,0,-1.0446,-123.49,1.2097,0,0,0,-1.3748,10
103,6,234.98,-0.60266,0,0,0,0.088939,-234.98,0.60266,0,0,0,-1.2943,10
104,6,334.64,-0.63411,0,0,0,0.21938,-334.64,0.63411,0,0,0,-1.4876,10
105,6,422.3,-0.53225,0,0,0,0.52622,-422.3,0.53225,0,0,0,-1.5907,10
106,6,498.04,-0.45911,0,0,0,0.76377,-498.04,0.45911,0,0,0,-1.682,10
107,6,561.79,-0.37839,0,0,0,0.98494,-561.79,0.37839,0,0,0,-1.7417,10
108,6,613.61,-0.30119,0,0,0,1.1757,-613.61,0.30119,0,0,0,-1.778,10
109,6,653.44,-0.2214,0,0,0,1.3425,-653.44,0.2214,0,0,0,-1.7853,10
110,6,681.35,-0.1422,0,0,0,1.4811,-681.35,0.1422,0,0,0,-1.7655,10
111,6,697.27,-0.073614,0,0,0,1.5895,-697.27,0.073614,0,0,0,-1.7367,10
112,6,701.22,0.017989,0,0,0,1.7038,-701.22,-0.017989,0,0,0,-1.6678,10
113,6,688.81,0.13901,0,0,0,1.8017,-688.81,-0.13901,0,0,0,-1.5237,10
114,6,660.04,0.24307,0,0,0,1.8391,-660.04,-0.24307,0,0,0,-1.353,10
115,6,614.86,0.35262,0,0,0,1.8469,-614.86,-0.35262,0,0,0,-1.1417,10
116,6,553.32,0.4598,0,0,0,1.8152,-553.32,-0.4598,0,0,0,-0.89555,10
117,6,475.38,0.56378,0,0,0,1.7471,-475.38,-0.56378,0,0,0,-0.61957,10
118,6,381.08,0.69605,0,0,0,1.6545,-381.08,-0.69605,0,0,0,-0.26244,10
119,6,270.37,0.6792,0,0,0,1.4567,-270.37,-0.6792,0,0,0,-0.098324,10
120,6,143.41,1.3912,0,0,0,1.5635,-143.41,-1.3912,0,0,0,1.2189,10
201,6,-110.61,-0.83891,0,0,0,-0.60268,110.61,0.83891,0,0,0,-1.0751,20
202,6,-226.23,-0.70781,0,0,0,-0.16925,226.23,0.70781,0,0,0,-1.2464,20
203,6,-330.51,-0.66522,0,0,0,0.085914,330.51,0.66522,0,0,0,-1.4164,20
204,6,-422.71,-0.57243,0,0,0,0.39248,422.71,0.57243,0,0,0,-1.5373,20
205,6,-502.96,-0.49897,0,0,0,0.64379,502.96,0.49897,0,0,0,-1.6417,20
206,6,-571.28,-0.41779,0,0,0,0.87889,571.28,0.41779,0,0,0,-1.7145,20
207,6,-627.61,-0.34107,0,0,0,1.0823,627.61,0.34107,0,0,0,-1.7645,20
208,6,-672.01,-0.26031,0,0,0,1.2632,672.01,0.26031,0,0,0,-1.7838,20
209,6,-704.42,-0.18498,0,0,0,1.413,704.42,0.18498,0,0,0,-1.7829,20
210,6,-724.92,-0.097701,0,0,0,1.5437,724.92,0.097701,0,0,0,-1.7391,20
211,6,-733.4,-0.050905,0,0,0,1.6274,733.4,0.050905,0,0,0,-1.7293,20
212,6,-727.73,0.088648,0,0,0,1.7726,727.73,-0.088648,0,0,0,-1.5953,20
213,6,-705.68,0.18792,0,0,0,1.8207,705.68,-0.18792,0,0,0,-1.4449,20
214,6,-667.27,0.29886,0,0,0,1.8488,667.27,-0.29886,0,0,0,-1.2511,20
215,6,-612.45,0.40453,0,0,0,1.8341,612.45,-0.40453,0,0,0,-1.0251,20
216,6,-541.27,0.51481,0,0,0,1.7874,541.27,-0.51481,0,0,0,-0.75772,20
217,6,-453.69,0.61712,0,0,0,1.699,453.69,-0.61712,0,0,0,-0.46471,20
218,6,-349.77,0.7403,0,0,0,1.5847,349.77,-0.7403,0,0,0,-0.10404,20
219,6,-229.31,0.80849,0,0,0,1.4099,229.31,-0.80849,0,0,0,0.20712,20
220,6,-93.189,0.96997,0,0,0,1.2234,93.189,-0.96997,0,0,0,0.71657,20
401,6,137.76,0.49101,0,0,0,0.60268,-137.76,-0.49101,0,0,0,0.49524,40
402,6,-136.42,0.49786,0,0,0,0.54938,136.42,-0.49786,0,0,0,0.56386,40
403,6,123.19,0.5731,0,0,0,0.68046,-123.19,-0.5731,0,0,0,0.601,40
404,6,-123.85,0.55328,0,0,0,0.68483,123.85,-0.55328,0,0,0,0.55233,40
405,6,110.48,0.48144,0,0,0,0.60812,-110.48,-0.48144,0,0,0,0.46843,40
406,6,-110.45,0.4727,0,0,0,0.60646,110.45,-0.4727,0,0,0,0.45053,40
407,6,97.117,0.43234,0,0,0,0.57335,-97.117,-0.43234,0,0,0,0.39338,40
408,6,-97.203,0.41871,0,0,0,0.56802,97.203,-0.41871,0,0,0,0.36825,40
409,6,83.888,0.37289,0,0,0,0.5253,-83.888,-0.37289,0,0,0,0.30851,40
410,6,-83.989,0.35954,0,0,0,0.51845,83.989,-0.35954,0,0,0,0.28551,40
411,6,70.628,0.3159,0,0,0,0.47734,-70.628,-0.3159,0,0,0,0.22901,40
412,6,-70.682,0.30146,0,0,0,0.46804,70.682,-0.30146,0,0,0,0.20605,40
413,6,57.38,0.25832,0,0,0,0.42609,-57.38,-0.25832,0,0,0,0.15154,40
414,6,-57.491,0.24303,0,0,0,0.41452,57.491,-0.24303,0,0,0,0.1289,40
415,6,44.125,0.20089,0,0,0,0.37239,-44.125,-0.20089,0,0,0,0.076798,40
416,6,-44.171,0.18491,0,0,0,0.35873,44.171,-0.18491,0,0,0,0.054744,40
417,6,30.873,0.14341,0,0,0,0.31608,-30.873,-0.14341,0,0,0,0.0045978,40
418,6,-30.99,0.12606,0,0,0,0.29964,30.99,-0.12606,0,0,0,-0.017755,40
419,6,17.628,0.086079,0,0,0,0.25696,-17.628,-0.086079,0,0,0,-0.064492,40
420,6,-17.659,0.06994,0,0,0,0.24046,17.659,-0.06994,0,0,0,-0.084073,40
421,6,4.3306,0.027524,0,0,0,0.19576,-4.3306,-0.027524,0,0,0,-0.13422,40
422,6,-4.4543,0.001708,0,0,0,0.16717,4.4543,-0.001708,0,0,0,-0.16336,40
423,6,-13.804,-0.041512,0,0,0,0.12004,13.804,0.041512,0,0,0,-0.21286,40
424,6,13.72,-0.076844,0,0,0,0.078984,-13.72,0.076844,0,0,0,-0.25081,40
425,6,-31.954,-0.12246,0,0,0,0.025357,31.954,0.12246,0,0,0,-0.29919,40
426,6,31.818,-0.15679,0,0,0,-0.016268,-31.818,0.15679,0,0,0,-0.33432,40
427,6,-50.111,-0.2009,0,0,0,-0.069569,50.111,0.2009,0,0,0,-0.37965,40
428,6,50.042,-0.23639,0,0,0,-0.11434,-50.042,0.23639,0,0,0,-0.41424,40
429,6,-68.267,-0.27989,0,0,0,-0.16884,68.267,0.27989,0,0,0,-0.45702,40
430,6,68.133,-0.31632,0,0,0,-0.21644,-68.133,0.31632,0,0,0,-0.49087,40
431,6,-86.42,-0.35859,0,0,0,-0.27142,86.42,0.35859,0,0,0,-0.53039,40
432,6,86.351,-0.39544,0,0,0,-0.3212,-86.351,0.39544,0,0,0,-0.56304,40
433,6,-104.59,-0.43837,0,0,0,-0.37819,104.59,0.43837,0,0,0,-0.60206,40
434,6,104.44,-0.47749,0,0,0,-0.43291,-104.44,0.47749,0,0,0,-0.63479,40
435,6,-122.69,-0.51236,0,0,0,-0.48515,122.69,0.51236,0,0,0,-0.66048,40
436,6,122.75,-0.54765,0,0,0,-0.53381,-122.75,0.54765,0,0,0,-0.69078,40
437,6,-141.05,-0.61676,0,0,0,-0.61505,141.05,0.61676,0,0,0,-0.76408,40
438,6,140.27,-0.66631,0,0,0,-0.70113,-140.27,0.66631,0,0,0,-0.78877,40
439,6,-158.4,-0.56512,0,0,0,-0.64172,158.4,0.56512,0,0,0,-0.62189,40
440,6,159.97,-0.58745,0,0,0,-0.59701,-159.97,0.58745,0,0,0,-0.71657,40
102,7,-338.93,3.2616,0,0,0,2.9109,338.93,-3.2616,0,0,0,3.6122,10
103,7,-642.46,1.6451,0,0,0,-0.11785,642.46,-1.6451,0,0,0,3.4081,10
104,7,-911.17,1.7031,0,0,0,-0.50736,911.17,-1.7031,0,0,0,3.9136,10
105,7,-1144.6,1.4107,0,0,0,-1.3522,1144.6,-1.4107,0,0,0,4.1736,10
106,7,-1343,1.194,0,0,0,-2.0063,1343,-1.194,0,0,0,4.3944,10
107,7,-1506.1,0.95726,0,0,0,-2.6093,1506.1,-0.95726,0,0,0,4.5238,10
108,7,-1634.2,0.73001,0,0,0,-3.1237,1634.2,-0.73001,0,0,0,4.5837,10
109,7,-1727,0.49493,0,0,0,-3.5677,1727,-0.49493,0,0,0,4.5575,10
110,7,-1784.8,0.26678,0,0,0,-3.9264,1784.8,-0.26678,0,0,0,4.4599,10
111,7,-1807.3,0.037094,0,0,0,-4.2117,1807.3,-0.037094,0,0,0,4.2859,10
112,7,-1794.7,-0.19728,0,0,0,-4.4285,1794.7,0.19728,0,0,0,4.034,10
113,7,-1744.7,-0.45297,0,0,0,-4.5788,1744.7,0.45297,0,0,0,3.6728,10
114,7,-1657.4,-0.69371,0,0,0,-4.6276,1657.4,0.69371,0,0,0,3.2402,10
115,7,-1532.7,-0.94331,0,0,0,-4.603,1532.7,0.94331,0,0,0,2.7164,10
116,7,-1370.6,-1.1877,0,0,0,-4.4885,1370.6,1.1877,0,0,0,2.1131,10
117,7,-1171.1,-1.4245,0,0,0,-4.2915,1171.1,1.4245,0,0,0,1.4424,10
118,7,-934.35,-1.7293,0,0,0,-4.0397,934.35,1.7293,0,0,0,0.58107,10
119,7,-660.11,-1.6751,0,0,0,-3.5393,660.11,1.6751,0,0,0,0.18907,10
120,7,-348.84,-3.3753,0,0,0,-3.7766,348.84,3.3753,0,0,0,-2.9739,10
201,7,170.2,2.2571,0,0,0,1.7151,-170.2,-2.2571,0,0,0,2.799,20
202,7,492.65,1.9416,0,0,0,0.59968,-492.65,-1.9416,0,0,0,3.2834,20
203,7,781.53,1.7937,0,0,0,-0.13883,-781.53,-1.7937,0,0,0,3.7264,20
204,7,1034.9,1.5279,0,0,0,-0.9831,-1034.9,-1.5279,0,0,0,4.0388,20
205,7,1253.2,1.3096,0,0,0,-1.6786,-1253.2,-1.3096,0,0,0,4.2978,20
206,7,1436.4,1.072,0,0,0,-2.3219,-1436.4,-1.072,0,0,0,4.4659,20
207,7,1584.3,0.84546,0,0,0,-2.8743,-1584.3,-0.84546,0,0,0,4.5652,20
208,7,1697.2,0.60961,0,0,0,-3.3583,-1697.2,-0.60961,0,0,0,4.5775,20
209,7,1774.8,0.38355,0,0,0,-3.7546,-1774.8,-0.38355,0,0,0,4.5217,20
210,7,1817.4,0.14445,0,0,0,-4.0838,-1817.4,-0.14445,0,0,0,4.3727,20
211,7,1824.7,-0.067514,0,0,0,-4.3175,-1824.7,0.067514,0,0,0,4.1825,20
212,7,1795.8,-0.33245,0,0,0,-4.524,-1795.8,0.33245,0,0,0,3.8591,20
213,7,1729.5,-0.57083,0,0,0,-4.6105,-1729.5,0.57083,0,0,0,3.4688,20
214,7,1625.9,-0.82139,0,0,0,-4.6286,-1625.9,0.82139,0,0,0,2.9858,20
215,7,1484.9,-1.0628,0,0,0,-4.5541,-1484.9,1.0628,0,0,0,2.4284,20
216,7,1306.5,-1.3145,0,0,0,-4.4055,-1306.5,1.3145,0,0,0,1.7764,20
217,7,1090.7,-1.5474,0,0,0,-4.1617,-1090.7,1.5474,0,0,0,1.0669,20
218,7,837.7,-1.8298,0,0,0,-3.8598,-837.7,1.8298,0,0,0,0.20023,20
219,7,546.89,-1.983,0,0,0,-3.4184,-546.89,1.983,0,0,0,-0.54767,20
220,7,220.46,-2.3454,0,0,0,-2.9462,-220.46,2.3454,0,0,0,-1.7446,20
401,7,-378.04,-1.4145,0,0,0,-1.7151,378.04,1.4145,0,0,0,-1.4478,40
402,7,374.37,-1.3329,0,0,0,-1.4632,-374.37,1.3329,0,0,0,-1.5172,40
403,7,-335.44,-1.597,0,0,0,-1.8814,335.44,1.597,0,0,0,-1.6894,40
404,7,337.15,-1.4641,0,0,0,-1.805,-337.15,1.4641,0,0,0,-1.4689,40
405,7,-297.89,-1.3388,0,0,0,-1.6757,297.89,1.3388,0,0,0,-1.318,40
406,7,297.81,-1.2356,0,0,0,-1.5828,-297.81,1.2356,0,0,0,-1.18,40
407,7,-258.64,-1.1894,0,0,0,-1.5633,258.64,1.1894,0,0,0,-1.0961,40
408,7,258.85,-1.0776,0,0,0,-1.4653,-258.85,1.0776,0,0,0,-0.9442,40
409,7,-219.73,-1.0133,0,0,0,-1.4161,219.73,1.0133,0,0,0,-0.84983,40
410,7,219.99,-0.90576,0,0,0,-1.3175,-219.99,0.90576,0,0,0,-0.7078,40
411,7,-180.75,-0.84366,0,0,0,-1.2681,180.75,0.84366,0,0,0,-0.61833,40
412,7,180.88,-0.73685,0,0,0,-1.1668,-180.88,0.73685,0,0,0,-0.48087,40
413,7,-141.79,-0.67248,0,0,0,-1.1107,141.79,0.67248,0,0,0,-0.39301,40
414,7,142.08,-0.56706,0,0,0,-1.0071,-142.08,0.56706,0,0,0,-0.26088,40
415,7,-102.82,-0.50166,0,0,0,-0.94608,102.82,0.50166,0,0,0,-0.17564,40
416,7,102.94,-0.39787,0,0,0,-0.84039,-102.94,0.39787,0,0,0,-0.049258,40
417,7,-63.858,-0.33074,0,0,0,-0.77364,63.858,0.33074,0,0,0,0.034062,40
418,7,64.159,-0.22789,0,0,0,-0.66522,-64.159,0.22789,0,0,0,0.15564,40
419,7,-24.895,-0.15993,0,0,0,-0.5935,24.895,0.15993,0,0,0,0.23588,40
420,7,25.002,-0.059696,0,0,0,-0.48408,-25.002,0.059696,0,0,0,0.3506,40
421,7,14.094,0.011538,0,0,0,-0.40582,-14.094,-0.011538,0,0,0,0.43162,40
422,7,-13.795,0.11496,0,0,0,-0.28903,13.795,-0.11496,0,0,0,0.5461,40
423,7,55.499,0.18821,0,0,0,-0.2046,-55.499,-0.18821,0,0,0,0.62542,40
424,7,-55.353,0.29437,0,0,0,-0.080639,55.353,-0.29437,0,0,0,0.73887,40
425,7,96.915,0.37079,0,0,0,0.012476,-96.915,-0.37079,0,0,0,0.81666,40
426,7,-96.604,0.47488,0,0,0,0.13812,96.604,-0.47488,0,0,0,0.92373,40
427,7,138.33,0.5522,0,0,0,0.23607,-138.33,-0.5522,0,0,0,0.99866,40
428,7,-138.19,0.65479,0,0,0,0.36419,138.19,-0.65479,0,0,0,1.1,40
429,7,179.75,0.73389,0,0,0,0.46828,-179.75,-0.73389,0,0,0,1.1728,40
430,7,-179.45,0.83548,0,0,0,0.59936,179.45,-0.83548,0,0,0,1.2688,40
431,7,221.16,0.9151,0,0,0,0.70829,-221.16,-0.9151,0,0,0,1.3379,40
432,7,-221.02,1.0142,0,0,0,0.84051,221.02,-1.0142,0,0,0,1.4274,40
433,7,262.61,1.0989,0,0,0,0.95791,-262.61,-1.0989,0,0,0,1.4993,40
434,7,-262.26,1.2,0,0,0,1.0979,262.26,-1.2,0,0,0,1.5854,40
435,7,303.91,1.2687,0,0,0,1.2075,-303.91,-1.2687,0,0,0,1.6293,40
436,7,-304.06,1.3573,0,0,0,1.3289,304.06,-1.3573,0,0,0,1.7061,40
437,7,345.8,1.5119,0,0,0,1.5121,-345.8,-1.5119,0,0,0,1.8686,40
438,7,-343.93,1.6306,0,0,0,1.7189,343.93,-1.6306,0,0,0,1.9273,40
439,7,385.3,1.3787,0,0,0,1.5666,-385.3,-1.3787,0,0,0,1.5162,40
440,7,-389.11,1.4321,0,0,0,1.4577,389.11,-1.4321,0,0,0,1.7446,40
